{"train_loss": 0.9492793917232215, "val_loss": 0.9336294014871968, "test_loss": 1.3168501257896423, "lr": 0.0001, "_timestamp": 1722844505.164819, "_runtime": 784.2035439014435, "_step": 9}