{"train_loss": 0.6248339510995065, "val_loss": 0.6278655089755759, "test_loss": 0.7637184709310532, "lr": 0.0001, "_timestamp": 1722846334.0095098, "_runtime": 2613.0482347011566, "_step": 30}